"","prowess_code","year","company_name","sa_sale_of_goods","nic_code_two_digit","market_share"
"1",783,"2017","A D F FOODS LTD.",1582.1,10,"0.041362418077131"
"2",783,"2018","A D F FOODS LTD.",1637.9,10,"0.0374658157884594"
"3",783,"2019","A D F FOODS LTD.",1875,10,"0.0396475357333196"
"4",783,"2020","A D F FOODS LTD.",1820.9,10,"0.0371178049905255"
"5",783,"2021","A D F FOODS LTD.",2287.6,10,"0.0413055828767378"
"6",783,"2022","A D F FOODS LTD.",2866.1,10,"0.0429994305999827"
"7",783,"2023","A D F FOODS LTD.",3473.6,10,"0.0840955949218617"
"8",23774,"2017","ASVINI FISHERIES PVT. LTD.",7629.8,10,"0.199473470352629"
"9",23774,"2018","ASVINI FISHERIES PVT. LTD.",8442.6,10,"0.193118564244244"
"10",23774,"2019","ASVINI FISHERIES PVT. LTD.",9183.1,10,"0.194179885542745"
"11",23774,"2020","ASVINI FISHERIES PVT. LTD.",11178.8,10,"0.22787221617227"
"12",23774,"2021","ASVINI FISHERIES PVT. LTD.",9404.1,10,"0.169803213818469"
"13",23774,"2022","ASVINI FISHERIES PVT. LTD.",12598.7,10,"0.189015361048115"
"14",23774,"2023","ASVINI FISHERIES PVT. LTD.",14260.6,10,"0.345248054163606"
"15",29450,"2017","BALAJI WAFERS PVT. LTD.",16101.9,10,"0.420968029603789"
"16",29450,"2018","BALAJI WAFERS PVT. LTD.",18361,10,"0.419995020264914"
"17",29450,"2019","BALAJI WAFERS PVT. LTD.",19675.9,10,"0.416053839112119"
"18",29450,"2020","BALAJI WAFERS PVT. LTD.",23359.5,10,"0.476167480738195"
"19",29450,"2021","BALAJI WAFERS PVT. LTD.",29309.8,10,"0.529226426385998"
"20",29450,"2022","BALAJI WAFERS PVT. LTD.",39929.3,10,"0.599049985784128"
"21",29450,"2023","BALAJI WAFERS PVT. LTD.",49146.7,10,"1.18983791310061"
"22",38924,"2017","BRITANNIA INDUSTRIES LTD.",85815.5,10,"2.24356019752104"
"23",38924,"2018","BRITANNIA INDUSTRIES LTD.",92820.4,10,"2.12320166543203"
"24",38924,"2019","BRITANNIA INDUSTRIES LTD.",103894.9,10,"2.19689427213849"
"25",38924,"2020","BRITANNIA INDUSTRIES LTD.",108205.7,10,"2.2056994186739"
"26",38924,"2021","BRITANNIA INDUSTRIES LTD.",121136.5,10,"2.18727650819546"
"27",38924,"2022","BRITANNIA INDUSTRIES LTD.",131690.4,10,"1.9757203919905"
"28",38924,"2023","BRITANNIA INDUSTRIES LTD.",152851.2,10,"3.70051606359986"
"29",42684,"2017","ZYDUS WELLNESS LTD.",1147.7,64,"14.8652324271115"
"30",42684,"2018","ZYDUS WELLNESS LTD.",1368.4,64,"11.2058305695451"
"31",42684,"2019","ZYDUS WELLNESS LTD.",1596.5,10,"0.0337585550923972"
"32",42684,"2020","ZYDUS WELLNESS LTD.",1653.1,10,"0.0336973163983951"
"33",42684,"2021","ZYDUS WELLNESS LTD.",1232.9,10,"0.0222616074176998"
"34",42684,"2022","ZYDUS WELLNESS LTD.",1974.8,10,"0.0296274643413858"
"35",42684,"2023","ZYDUS WELLNESS LTD.",2182.9,10,"0.0528478449317515"
"36",54885,"2017","DABUR INDIA LTD.",53578.4,20,"1.18345981799797"
"37",54885,"2018","DABUR INDIA LTD.",55522.6,20,"1.10486854679875"
"38",54885,"2019","DABUR INDIA LTD.",61895.4,20,"1.08544435800384"
"39",54885,"2020","DABUR INDIA LTD.",62410.9,20,"1.11967521024599"
"40",54885,"2021","DABUR INDIA LTD.",71388.5,20,"1.2048246452186"
"41",54885,"2022","DABUR INDIA LTD.",81101.1,20,"1.03932172349396"
"42",54885,"2023","DABUR INDIA LTD.",85976.6,20,"1.41359668419384"
"43",59173,"2017","DEVI SEA FOODS LTD.",11359.9,10,"0.296993194560647"
"44",59173,"2018","DEVI SEA FOODS LTD.",15293.8,10,"0.349834967644875"
"45",59173,"2019","DEVI SEA FOODS LTD.",17096.9,10,"0.361519975295462"
"46",59173,"2020","DEVI SEA FOODS LTD.",19672.7,10,"0.401014576438635"
"47",59173,"2021","DEVI SEA FOODS LTD.",19159.1,10,"0.345942381925908"
"48",59173,"2022","DEVI SEA FOODS LTD.",27449.9,10,"0.411824454843329"
"49",72030,"2017","FALCON MARINE EXPORTS LTD.",10489.8,10,"0.274245302538075"
"50",72030,"2018","FALCON MARINE EXPORTS LTD.",15588.4,10,"0.356573736392222"
"51",72030,"2019","FALCON MARINE EXPORTS LTD.",14595.1,10,"0.308618532683399"
"52",72030,"2020","FALCON MARINE EXPORTS LTD.",16299.5,10,"0.332254194323175"
"53",72030,"2021","FALCON MARINE EXPORTS LTD.",11472.2,10,"0.207145439709089"
"54",72030,"2022","FALCON MARINE EXPORTS LTD.",20556.8,10,"0.30840888139204"
"55",72030,"2023","FALCON MARINE EXPORTS LTD.",16469.2,10,"0.398718094163728"
"56",74341,"2017","FOODS & INNS LTD.",3326.7,10,"0.0869732357102532"
"57",74341,"2018","FOODS & INNS LTD.",3171,10,"0.0725344049485345"
"58",74341,"2019","FOODS & INNS LTD.",3238,10,"0.068468651042394"
"59",74341,"2020","FOODS & INNS LTD.",3708.5,10,"0.0755952440042637"
"60",74341,"2021","FOODS & INNS LTD.",3499.4,10,"0.0631862024474804"
"61",74341,"2022","FOODS & INNS LTD.",6153.2,10,"0.0923150261218428"
"62",74341,"2023","FOODS & INNS LTD.",9749,10,"0.23602255725853"
"63",77643,"2017","GADRE MARINE EXPORT PVT. LTD.",7498.9,10,"0.196051221110295"
"64",77643,"2018","GADRE MARINE EXPORT PVT. LTD.",9581.6,10,"0.219172391818"
"65",77643,"2019","GADRE MARINE EXPORT PVT. LTD.",9709.4,10,"0.205308684506183"
"66",77643,"2020","GADRE MARINE EXPORT PVT. LTD.",8546.4,10,"0.174212536971293"
"67",77643,"2021","GADRE MARINE EXPORT PVT. LTD.",9028.8,10,"0.16302668590553"
"68",77643,"2022","GADRE MARINE EXPORT PVT. LTD.",12967.3,10,"0.194545380977341"
"69",77643,"2023","GADRE MARINE EXPORT PVT. LTD.",13579.6,10,"0.328761095348029"
"70",78632,"2017","GANESH GRAINS LTD.",5290.8,10,"0.138322660743622"
"71",78632,"2018","GANESH GRAINS LTD.",4265.4,10,"0.0975680387472341"
"72",78632,"2019","GANESH GRAINS LTD.",4234.6,10,"0.089542109235368"
"73",78632,"2020","GANESH GRAINS LTD.",4987.5,10,"0.101666786968118"
"74",78632,"2021","GANESH GRAINS LTD.",4873.1,10,"0.0879901363510363"
"75",78632,"2022","GANESH GRAINS LTD.",4465.2,10,"0.066990355366192"
"76",86945,"2017","GUJARAT TEA PROCESSORS & PACKERS LTD.",10312.9,10,"0.26962042942143"
"77",86945,"2018","GUJARAT TEA PROCESSORS & PACKERS LTD.",11072.5,10,"0.253275685522753"
"78",86945,"2019","GUJARAT TEA PROCESSORS & PACKERS LTD.",12034.2,10,"0.254467399745021"
"79",86945,"2020","GUJARAT TEA PROCESSORS & PACKERS LTD.",12771.3,10,"0.260334242888406"
"80",86945,"2021","GUJARAT TEA PROCESSORS & PACKERS LTD.",16022.4,10,"0.289305198060956"
"81",86945,"2022","GUJARAT TEA PROCESSORS & PACKERS LTD.",17377.4,10,"0.260709083879885"
"82",89485,"2017","HALDIRAM SNACKS PVT. LTD.",24096.6,11,"1.36692991249336"
"83",89485,"2018","HALDIRAM SNACKS PVT. LTD.",25674.6,11,"1.21895896955793"
"84",89485,"2019","HALDIRAM SNACKS PVT. LTD.",30189.9,11,"1.23332513564987"
"85",89485,"2020","HALDIRAM SNACKS PVT. LTD.",36269,11,"1.39079125089573"
"86",89485,"2021","HALDIRAM SNACKS PVT. LTD.",37668.2,11,"1.40497719143462"
"87",89485,"2022","HALDIRAM SNACKS PVT. LTD.",46166.4,11,"1.60223993742968"
"88",89485,"2023","HALDIRAM SNACKS PVT. LTD.",55190.6,11,"3.58705357462024"
"89",91480,"2017","HATSUN AGRO PRODUCT LTD.",41958.8,14,"4.72937955212983"
"90",91480,"2018","HATSUN AGRO PRODUCT LTD.",42811.2,14,"4.06175131052087"
"91",91480,"2019","HATSUN AGRO PRODUCT LTD.",47517.6,14,"4.14855221136335"
"92",91480,"2020","HATSUN AGRO PRODUCT LTD.",53002.5,14,"4.3844356566851"
"93",91480,"2021","HATSUN AGRO PRODUCT LTD.",55437.9,14,"5.12190673711465"
"94",91480,"2022","HATSUN AGRO PRODUCT LTD.",63535.1,14,"4.74518929978115"
"95",91480,"2023","HATSUN AGRO PRODUCT LTD.",72282.8,14,"10.878807435109"
"96",94080,"2017","HINDUSTAN UNILEVER LTD.",338950,20,"7.48685487641311"
"97",94080,"2018","HINDUSTAN UNILEVER LTD.",344470,20,"6.85475947300318"
"98",94080,"2019","HINDUSTAN UNILEVER LTD.",374870,20,"6.57400269624074"
"99",94080,"2020","HINDUSTAN UNILEVER LTD.",381020,20,"6.83564327077368"
"100",94080,"2021","HINDUSTAN UNILEVER LTD.",453110,20,"7.64714337736473"
"101",94080,"2022","HINDUSTAN UNILEVER LTD.",503360,20,"6.45062746051435"
"102",94080,"2023","HINDUSTAN UNILEVER LTD.",581540,20,"9.56147388622122"
"103",97066,"2017","I T C LTD.",536724.4,12,"65.9510802116433"
"104",97066,"2018","I T C LTD.",425528,12,"59.7060662422927"
"105",97066,"2019","I T C LTD.",435720.6,12,"64.4635009882112"
"106",97066,"2020","I T C LTD.",444975,12,"63.8276813973453"
"107",97066,"2021","I T C LTD.",475236.5,12,"65.9738235085883"
"108",97066,"2022","I T C LTD.",578171,12,"72.7714696357707"
"109",97066,"2023","I T C LTD.",669038,12,"88.4453681253331"
"110",112888,"2017","K R B L LTD.",30302.2,11,"1.71895552046166"
"111",112888,"2018","K R B L LTD.",30975.8,11,"1.47064527779333"
"112",112888,"2019","K R B L LTD.",39655.5,11,"1.6200161284656"
"113",112888,"2020","K R B L LTD.",43537.4,11,"1.66950936079703"
"114",112888,"2021","K R B L LTD.",38785.4,11,"1.44664736729306"
"115",112888,"2022","K R B L LTD.",40788.1,11,"1.41558195553207"
"116",112888,"2023","K R B L LTD.",52215.6,11,"3.39369665542575"
"117",115914,"2017","MANE KANCOR INGREDIENTS PVT. LTD.",4115,20,"0.0908936651908539"
"118",115914,"2018","MANE KANCOR INGREDIENTS PVT. LTD.",4338,20,"0.0863237628643649"
"119",115914,"2019","MANE KANCOR INGREDIENTS PVT. LTD.",5360.6,20,"0.0940075195493588"
"120",115914,"2020","MANE KANCOR INGREDIENTS PVT. LTD.",5785.9,20,"0.1038012398309"
"121",115914,"2021","MANE KANCOR INGREDIENTS PVT. LTD.",6371.1,20,"0.107525137762416"
"122",115914,"2022","MANE KANCOR INGREDIENTS PVT. LTD.",7733.8,20,"0.0991097080700212"
"123",119601,"2017","KEVENTER AGRO LTD.",2365.4,34,"0.301854181485647"
"124",119601,"2018","KEVENTER AGRO LTD.",2553.5,34,"0.303519230293775"
"125",119601,"2019","KEVENTER AGRO LTD.",6276.5,34,"0.585528158246436"
"126",119601,"2020","KEVENTER AGRO LTD.",7442,10,"0.151700095963255"
"127",119601,"2021","KEVENTER AGRO LTD.",8111,10,"0.146454617377697"
"128",119601,"2022","KEVENTER AGRO LTD.",8312,10,"0.124702999597731"
"129",125758,"2017","L T FOODS LTD.",15872.6,11,"0.900406353138707"
"130",125758,"2018","L T FOODS LTD.",18077.7,11,"0.85827917724044"
"131",125758,"2019","L T FOODS LTD.",18785.4,11,"0.767425728579331"
"132",125758,"2020","L T FOODS LTD.",20047,11,"0.768733414395397"
"133",125758,"2021","L T FOODS LTD.",21403.3,11,"0.798316572637733"
"134",125758,"2022","L T FOODS LTD.",22864.9,11,"0.793543701595445"
"135",125758,"2023","L T FOODS LTD.",28066.8,11,"1.82417142173035"
"136",133154,"2017","M T R FOODS PVT. LTD.",6481.7,11,"0.367687956550228"
"137",133154,"2018","M T R FOODS PVT. LTD.",6526.6,11,"0.309864909705187"
"138",133154,"2019","M T R FOODS PVT. LTD.",7022.1,11,"0.28686853666448"
"139",133154,"2020","M T R FOODS PVT. LTD.",7369.3,11,"0.282587277433232"
"140",133154,"2021","M T R FOODS PVT. LTD.",8687.3,10,"0.156860460799565"
"141",133154,"2022","M T R FOODS PVT. LTD.",8826.8,10,"0.132426424067523"
"142",138942,"2017","MANJILAS FOOD TECH PVT. LTD.",3463.6,11,"0.196479936792411"
"143",138942,"2018","MANJILAS FOOD TECH PVT. LTD.",2880.4,11,"0.136753422289526"
"144",138942,"2019","MANJILAS FOOD TECH PVT. LTD.",2432.9,11,"0.0993894223737931"
"145",138942,"2020","MANJILAS FOOD TECH PVT. LTD.",2547.4,11,"0.0976840175502985"
"146",138942,"2021","MANJILAS FOOD TECH PVT. LTD.",2535.2,11,"0.0945598190443147"
"147",138942,"2022","MANJILAS FOOD TECH PVT. LTD.",2487.9,11,"0.0863444570148702"
"148",138942,"2023","MANJILAS FOOD TECH PVT. LTD.",2956,11,"0.192122034668538"
"149",140097,"2017","MARICO LTD.",46216.7,10,"1.20828927851927"
"150",140097,"2018","MARICO LTD.",55810,10,"1.27661467681416"
"151",140097,"2019","MARICO LTD.",63900,10,"1.35118801779153"
"152",140097,"2020","MARICO LTD.",57930,10,"1.18086355269435"
"153",140097,"2021","MARICO LTD.",69090,10,"1.24750949508385"
"154",140097,"2022","MARICO LTD.",82460,10,"1.23712816973399"
"155",140097,"2023","MARICO LTD.",83930,10,"2.03193899176412"
"156",149122,"2017","MOON BEVERAGES LTD.",4221.6,11,"0.239479068357444"
"157",149122,"2018","MOON BEVERAGES LTD.",4328.6,11,"0.205509951299279"
"158",149122,"2019","MOON BEVERAGES LTD.",4472.2,11,"0.182699401841456"
"159",149122,"2020","MOON BEVERAGES LTD.",5605.3,11,"0.214943952098095"
"160",149122,"2021","MOON BEVERAGES LTD.",8539.2,11,"0.318501580460402"
"161",149122,"2022","MOON BEVERAGES LTD.",11649.6,11,"0.404308206294639"
"162",157429,"2017","NEKKANTI SEA FOODS LTD.",8297.3,10,"0.216924588528777"
"163",157429,"2018","NEKKANTI SEA FOODS LTD.",12036.4,10,"0.275324223185916"
"164",157429,"2019","NEKKANTI SEA FOODS LTD.",11289.7,10,"0.238724684889844"
"165",157429,"2020","NEKKANTI SEA FOODS LTD.",12977.9,10,"0.264545643026273"
"166",157429,"2021","NEKKANTI SEA FOODS LTD.",12363.6,10,"0.223240822020823"
"167",157429,"2022","NEKKANTI SEA FOODS LTD.",22209.8,10,"0.333208455301453"
"168",157429,"2023","NEKKANTI SEA FOODS LTD.",11080.2,10,"0.268250809204633"
"169",157827,"2016","NESTLE INDIA LTD.",94096,NA,NA
"170",157827,"2017","NESTLE INDIA LTD.",101351.1,11,"5.74935261630712"
"171",157827,"2018","NESTLE INDIA LTD.",115508.9,11,"5.48404297316297"
"172",157827,"2019","NESTLE INDIA LTD.",126903.1,11,"5.18427629842727"
"173",157827,"2020","NESTLE INDIA LTD.",136929.7,11,"5.25078245189492"
"174",157827,"2021","NESTLE INDIA LTD.",151112.3,11,"5.63630157122523"
"175",157827,"2022","NESTLE INDIA LTD.",173159.5,11,"6.00963181979437"
"176",163543,"2017","OM OIL & FLOUR MILLS LTD.",2430.8,12,"0.298689393995247"
"177",163543,"2018","OM OIL & FLOUR MILLS LTD.",2480.4,12,"0.348026279604122"
"178",163543,"2019","OM OIL & FLOUR MILLS LTD.",2538.6,12,"0.375577935972439"
"179",163543,"2020","OM OIL & FLOUR MILLS LTD.",2982.8,12,"0.427855965103661"
"180",163543,"2021","OM OIL & FLOUR MILLS LTD.",3040.1,34,"0.275569267495716"
"181",171497,"2017","PARLE AGRO PVT. LTD.",16055,10,"0.419741876131937"
"182",171497,"2018","PARLE AGRO PVT. LTD.",18135,10,"0.414825428489963"
"183",171497,"2019","PARLE AGRO PVT. LTD.",22075.2,10,"0.466787883104094"
"184",171497,"2020","PARLE AGRO PVT. LTD.",26561.1,10,"0.541429913852406"
"185",171497,"2021","PARLE AGRO PVT. LTD.",23551.9,10,"0.425260079277251"
"186",171497,"2022","PARLE AGRO PVT. LTD.",32167.9,10,"0.482607509716055"
"187",171498,"2017","PARLE BISCUITS PVT. LTD.",76742.2,10,"2.00634786711257"
"188",171498,"2018","PARLE BISCUITS PVT. LTD.",82445.4,10,"1.88588080408196"
"189",171498,"2019","PARLE BISCUITS PVT. LTD.",87389.9,10,"1.84789023092332"
"190",171498,"2020","PARLE BISCUITS PVT. LTD.",99092.9,10,"2.0199412038803"
"191",171498,"2021","PARLE BISCUITS PVT. LTD.",136355,10,"2.46206624985031"
"192",171498,"2022","PARLE BISCUITS PVT. LTD.",144673.6,10,"2.1705043169637"
"193",171498,"2023","PARLE BISCUITS PVT. LTD.",145243.3,10,"3.5163293764148"
"194",176208,"2017","PLANT LIPIDS PVT. LTD.",9887.5,20,"0.218398812776323"
"195",176208,"2018","PLANT LIPIDS PVT. LTD.",9521.9,20,"0.189480460492899"
"196",176208,"2019","PLANT LIPIDS PVT. LTD.",9343.9,20,"0.163861668827604"
"197",176208,"2020","PLANT LIPIDS PVT. LTD.",9927.1,20,"0.178095938043403"
"198",176208,"2021","PLANT LIPIDS PVT. LTD.",13575.1,20,"0.229107139683662"
"199",176208,"2022","PLANT LIPIDS PVT. LTD.",18813.5,20,"0.241097583694347"
"200",180008,"2017","PRAVIN FOODS PVT. LTD. [MERGED]",162.8,10,"0.00425624275517156"
"201",180008,"2018","PRAVIN FOODS PVT. LTD. [MERGED]",123.7,10,"0.00282955089628941"
"202",210328,"2017","SANDHYA MARINES LTD.",3999.4,10,"0.104560302672194"
"203",210328,"2018","SANDHYA MARINES LTD.",5000.5,10,"0.114382936595757"
"204",210328,"2019","SANDHYA MARINES LTD.",5635.3,10,"0.119160404329587"
"205",210328,"2020","SANDHYA MARINES LTD.",7592.2,10,"0.154761820555257"
"206",210328,"2021","SANDHYA MARINES LTD.",9745.8,10,"0.175973050183647"
"207",210328,"2022","SANDHYA MARINES LTD.",16100.9,10,"0.241558051759276"
"208",210328,"2023","SANDHYA MARINES LTD.",16881.7,10,"0.408704688159947"
"209",222337,"2017","SHREE BHAGWATI FLOUR & FOODS PVT. LTD.",NA,47,NA
"210",222337,"2018","SHREE BHAGWATI FLOUR & FOODS PVT. LTD.",NA,47,NA
"211",222337,"2019","SHREE BHAGWATI FLOUR & FOODS PVT. LTD.",3079.9,47,"2.29192820673864"
"212",222337,"2020","SHREE BHAGWATI FLOUR & FOODS PVT. LTD.",3586.7,47,"2.41429771514424"
"213",222337,"2021","SHREE BHAGWATI FLOUR & FOODS PVT. LTD.",4091,47,"2.54244187527927"
"214",222337,"2022","SHREE BHAGWATI FLOUR & FOODS PVT. LTD.",4124.8,47,"1.68816987782378"
"215",245605,"2017","SYNTHITE INDUSTRIES PVT. LTD.",14706.9,20,"0.324851529670807"
"216",245605,"2018","SYNTHITE INDUSTRIES PVT. LTD.",13610.1,20,"0.270833343697624"
"217",245605,"2019","SYNTHITE INDUSTRIES PVT. LTD.",12524.9,20,"0.219646080961789"
"218",245605,"2020","SYNTHITE INDUSTRIES PVT. LTD.",13946.6,34,"1.33125943503612"
"219",245605,"2021","SYNTHITE INDUSTRIES PVT. LTD.",15914.4,34,"1.44255766278538"
"220",245605,"2022","SYNTHITE INDUSTRIES PVT. LTD.",19376.9,34,"1.85173894445844"
"221",245605,"2023","SYNTHITE INDUSTRIES PVT. LTD.",19602.5,34,"2.22069738677644"
"222",248057,"2017","TASTY BITE EATABLES LTD.",2385,10,"0.062353433483318"
"223",248057,"2018","TASTY BITE EATABLES LTD.",2755.9,10,"0.0630392830645432"
"224",248057,"2019","TASTY BITE EATABLES LTD.",3353.2,10,"0.0709045956378491"
"225",248057,"2020","TASTY BITE EATABLES LTD.",4221.9,10,"0.0860605529625457"
"226",248057,"2021","TASTY BITE EATABLES LTD.",3797.8,10,"0.0685742011930734"
"227",248057,"2022","TASTY BITE EATABLES LTD.",3676,10,"0.0551501716219031"
"228",248057,"2023","TASTY BITE EATABLES LTD.",4715.6,10,"0.114164321572297"
"229",248186,"2017","TATA CONSUMER PRODUCTS LTD.",29859.8,10,"0.780654529612234"
"230",248186,"2018","TATA CONSUMER PRODUCTS LTD.",31310.3,10,"0.716201191819647"
"231",248186,"2019","TATA CONSUMER PRODUCTS LTD.",33317,10,"0.704499705614404"
"232",248186,"2020","TATA CONSUMER PRODUCTS LTD.",56074.9,10,"1.14304860402176"
"233",248186,"2021","TATA CONSUMER PRODUCTS LTD.",70870.6,10,"1.27966053585598"
"234",248186,"2022","TATA CONSUMER PRODUCTS LTD.",78460.7,10,"1.17712760352956"
"235",248186,"2023","TATA CONSUMER PRODUCTS LTD.",84082.7,10,"2.03563584728709"
"236",261277,"2017","VADILAL INDUSTRIES LTD.",4779.5,10,"0.124955234940678"
"237",261277,"2018","VADILAL INDUSTRIES LTD.",5205.9,10,"0.119081317792991"
"238",261277,"2019","VADILAL INDUSTRIES LTD.",5038.1,10,"0.10653239988162"
"239",261277,"2020","VADILAL INDUSTRIES LTD.",5159.7,10,"0.10517696656028"
"240",261277,"2021","VADILAL INDUSTRIES LTD.",3564.1,10,"0.0643544448028419"
"241",261277,"2022","VADILAL INDUSTRIES LTD.",5418.4,10,"0.0812909929042763"
"242",261277,"2023","VADILAL INDUSTRIES LTD.",8950.1,10,"0.216681248304397"
"243",262869,"2016","VARUN BEVERAGES LTD.",35199.6,NA,NA
"244",262869,"2017","VARUN BEVERAGES LTD.",33564.7,11,"1.90402764015944"
"245",262869,"2018","VARUN BEVERAGES LTD.",37136.9,11,"1.7631572587918"
"246",262869,"2019","VARUN BEVERAGES LTD.",54555.9,11,"2.22873089238457"
"247",262869,"2020","VARUN BEVERAGES LTD.",47601,11,"1.82533442702825"
"248",262869,"2021","VARUN BEVERAGES LTD.",63817.7,11,"2.38032114382469"
"249",262869,"2022","VARUN BEVERAGES LTD.",103023.2,11,"3.57549831743011"
"250",271188,"2017","WEIKFIELD FOODS PVT. LTD.",1623.1,11,"0.0920737340939377"
"251",271188,"2018","WEIKFIELD FOODS PVT. LTD.",1729.9,11,"0.0821308655807009"
"252",271188,"2019","WEIKFIELD FOODS PVT. LTD.",2098.7,11,"0.0857366027111183"
"253",271188,"2020","WEIKFIELD FOODS PVT. LTD.",2045.9,11,"0.078453219559612"
"254",271188,"2021","WEIKFIELD FOODS PVT. LTD.",2538.2,11,"0.0946717153275006"
"255",271188,"2022","WEIKFIELD FOODS PVT. LTD.",2621.8,11,"0.0909915581018477"
"256",281526,"2017","DEVI FISHERIES LTD.",11107.9,10,"0.290404907249202"
"257",281526,"2018","DEVI FISHERIES LTD.",10506.5,10,"0.240328831785487"
"258",281526,"2019","DEVI FISHERIES LTD.",11682.1,10,"0.247022121168113"
"259",281526,"2020","DEVI FISHERIES LTD.",9067.8,10,"0.184840920475087"
"260",281526,"2021","DEVI FISHERIES LTD.",11562.1,10,"0.208768700725271"
"261",281526,"2022","DEVI FISHERIES LTD.",18886.2,10,"0.283345258782804"
"262",314421,"2017","CHOICE TRADING CORPN. PVT. LTD.",2285.6,10,"0.0597547201549147"
"263",314421,"2018","CHOICE TRADING CORPN. PVT. LTD.",3308.8,10,"0.0756864834732612"
"264",314421,"2019","CHOICE TRADING CORPN. PVT. LTD.",3454.7,10,"0.0730508489055462"
"265",314421,"2020","CHOICE TRADING CORPN. PVT. LTD.",3451.1,10,"0.0703483205023903"
"266",314421,"2021","CHOICE TRADING CORPN. PVT. LTD.",4269,10,"0.0770823278985808"
"267",314421,"2022","CHOICE TRADING CORPN. PVT. LTD.",5399.5,10,"0.0810074406073084"
"268",314421,"2023","CHOICE TRADING CORPN. PVT. LTD.",NA,10,NA
"269",325523,"2017","HALDIRAM BHUJIAWALA LTD.",3212.8,10,"0.0839954344214692"
"270",325523,"2018","HALDIRAM BHUJIAWALA LTD.",3293.1,10,"0.0753273569650013"
"271",325523,"2019","HALDIRAM BHUJIAWALA LTD.",3930.7,10,"0.0831160366437115"
"272",325523,"2020","HALDIRAM BHUJIAWALA LTD.",3689.5,10,"0.0752079419586708"
"273",325523,"2021","HALDIRAM BHUJIAWALA LTD.",3012.4,10,"0.0543927862641567"
"274",325523,"2022","HALDIRAM BHUJIAWALA LTD.",3752.7,10,"0.0563008838535135"
"275",327608,"2017","RAVI FOODS PVT. LTD.",4361.4,10,"0.114024429683079"
"276",327608,"2018","RAVI FOODS PVT. LTD.",5582,10,"0.127684341981306"
"277",327608,"2019","RAVI FOODS PVT. LTD.",5965.7,10,"0.126146828759608"
"278",327608,"2020","RAVI FOODS PVT. LTD.",6055.6,10,"0.123439277225892"
"279",327608,"2021","RAVI FOODS PVT. LTD.",6959.2,10,"0.125657375570814"
"280",327608,"2022","RAVI FOODS PVT. LTD.",7905.9,10,"0.11861037590468"
"281",328203,"2017","BIKAJI FOODS INTL. LTD.",6084.4,10,"0.15907053697522"
"282",328203,"2018","BIKAJI FOODS INTL. LTD.",7677.5,10,"0.175617437399046"
"283",328203,"2019","BIKAJI FOODS INTL. LTD.",8901,10,"0.188214781633215"
"284",328203,"2020","BIKAJI FOODS INTL. LTD.",10476.8,10,"0.213562424803524"
"285",328203,"2021","BIKAJI FOODS INTL. LTD.",12736.2,10,"0.229968597934389"
"286",328203,"2022","BIKAJI FOODS INTL. LTD.",15435.2,10,"0.231570709743852"
"287",328203,"2023","BIKAJI FOODS INTL. LTD.",17884.8,10,"0.432989663766269"
"288",336084,"2017","G R B DAIRY FOODS PVT. LTD.",3130,10,"0.0818307114477087"
"289",336084,"2018","G R B DAIRY FOODS PVT. LTD.",3518.9,10,"0.0804923738799742"
"290",336084,"2019","G R B DAIRY FOODS PVT. LTD.",4000.5,10,"0.0845919822406106"
"291",336084,"2020","G R B DAIRY FOODS PVT. LTD.",4806.1,10,"0.0979690716486158"
"292",336084,"2021","G R B DAIRY FOODS PVT. LTD.",5854,10,"0.105701557160528"
"293",336084,"2022","G R B DAIRY FOODS PVT. LTD.",6331.6,10,"0.0949915197609471"
"294",339129,"2017","SAMI-SABINSA GROUP LTD.",4768.1,21,"0.214204593442099"
"295",339129,"2018","SAMI-SABINSA GROUP LTD.",5698.4,21,"0.240767949368086"
"296",339129,"2019","SAMI-SABINSA GROUP LTD.",8381.9,21,"0.31083959399014"
"297",339129,"2020","SAMI-SABINSA GROUP LTD.",9147.1,21,"0.309117323729522"
"298",339129,"2021","SAMI-SABINSA GROUP LTD.",8528.3,21,"0.248543312890044"
"299",339129,"2022","SAMI-SABINSA GROUP LTD.",8687.8,21,"0.217090129185844"
"300",345697,"2017","EXOTIC FRUITS PVT. LTD.",2638.7,10,"0.0689861655901179"
"301",345697,"2018","EXOTIC FRUITS PVT. LTD.",2457.8,10,"0.0562204542675838"
"302",345697,"2019","EXOTIC FRUITS PVT. LTD.",1945.3,10,"0.0411340540064142"
"303",345697,"2020","EXOTIC FRUITS PVT. LTD.",2149.9,10,"0.0438242456747382"
"304",345697,"2021","EXOTIC FRUITS PVT. LTD.",1817.8,34,"0.164774124026747"
"305",345697,"2022","EXOTIC FRUITS PVT. LTD.",4527.5,10,"0.0679250277524935"
"306",348998,"2017","HALDIRAM FOODS INTL. LTD.",21022.1,10,"0.549601724960024"
"307",348998,"2018","HALDIRAM FOODS INTL. LTD.",20339,10,"0.465240385445678"
"308",348998,"2019","HALDIRAM FOODS INTL. LTD.",20313.2,10,"0.429529772190969"
"309",348998,"2020","HALDIRAM FOODS INTL. LTD.",20398.1,10,"0.415801360853005"
"310",348998,"2021","HALDIRAM FOODS INTL. LTD.",21184.2,10,"0.382508187085762"
"311",348998,"2022","HALDIRAM FOODS INTL. LTD.",24449.4,10,"0.366808652353797"
"312",353460,"2017","SURUCHI SPICES PVT. LTD.",1856.2,12,"0.228084273956713"
"313",353460,"2018","SURUCHI SPICES PVT. LTD.",1615.4,12,"0.226657656858772"
"314",353460,"2019","SURUCHI SPICES PVT. LTD.",2072.6,12,"0.306634692388119"
"315",353460,"2020","SURUCHI SPICES PVT. LTD.",2136.4,12,"0.30644746005346"
"316",353460,"2021","SURUCHI SPICES PVT. LTD.",2232,12,"0.309853250057959"
"317",357699,"2017","DEL MONTE FOODS PVT. LTD.",5168.1,34,"0.65951323046249"
"318",357699,"2018","DEL MONTE FOODS PVT. LTD.",5205.6,46,"0.358640909686853"
"319",357699,"2019","DEL MONTE FOODS PVT. LTD.",5627.4,46,"0.439304488425029"
"320",357699,"2020","DEL MONTE FOODS PVT. LTD.",5656,10,"0.115293703677529"
"321",357699,"2021","DEL MONTE FOODS PVT. LTD.",4341.3,10,"0.0783877981040311"
"322",357699,"2022","DEL MONTE FOODS PVT. LTD.",2308,10,"0.0346263863175605"
"323",357699,"2023","DEL MONTE FOODS PVT. LTD.",2796.1,10,"0.0676933708432225"
"324",362694,"2017","RASNA PVT. LTD.",918.6,11,"0.052109501656516"
"325",362694,"2018","RASNA PVT. LTD.",835.4,11,"0.0396624805515449"
"326",362694,"2019","RASNA PVT. LTD.",805.3,34,"0.075125599591469"
"327",362694,"2020","RASNA PVT. LTD.",913.8,11,"0.0350410831583037"
"328",362694,"2021","RASNA PVT. LTD.",623.3,34,"0.0564989060985099"
"329",362694,"2022","RASNA PVT. LTD.",655.7,11,"0.0227565659651314"
"330",362711,"2017","ORGANIC INDIA PVT. LTD.",1839.5,12,"0.22603222817766"
"331",362711,"2018","ORGANIC INDIA PVT. LTD.",2001.8,12,"0.280873652036579"
"332",362711,"2019","ORGANIC INDIA PVT. LTD.",2163.4,12,"0.320068268605836"
"333",362711,"2020","ORGANIC INDIA PVT. LTD.",2126.6,12,"0.305041737759637"
"334",362711,"2021","ORGANIC INDIA PVT. LTD.",2592.3,12,"0.35987122765468"
"335",362711,"2022","ORGANIC INDIA PVT. LTD.",2837.7,12,"0.357166996244064"
"336",372130,"2017","K L A FOODS INDIA LTD.",48.3,46,"0.00419000010930435"
"337",372130,"2018","K L A FOODS INDIA LTD.",65.1,46,"0.00448507822741165"
"338",372130,"2019","K L A FOODS INDIA LTD.",59.6,46,"0.00465268996519382"
"339",372130,"2020","K L A FOODS INDIA LTD.",108.3,46,"0.00947731264368017"
"340",372130,"2021","K L A FOODS INDIA LTD.",99.8,46,"0.00701511349265701"
"341",372130,"2022","K L A FOODS INDIA LTD.",85.8,46,"0.00489483297323793"
"342",384085,"2017","PARAG MILK FOODS LTD.",15771.9,10,"0.412340510505469"
"343",384085,"2018","PARAG MILK FOODS LTD.",18658,10,"0.426788687331995"
"344",384085,"2019","PARAG MILK FOODS LTD.",20213.1,10,"0.427413122416619"
"345",384085,"2020","PARAG MILK FOODS LTD.",21750.3,10,"0.443365035908301"
"346",384085,"2021","PARAG MILK FOODS LTD.",16231.7,10,"0.293084380827218"
"347",384085,"2022","PARAG MILK FOODS LTD.",20989.3,10,"0.314897578134823"
"348",384085,"2023","PARAG MILK FOODS LTD.",29074,10,"0.703879354778388"
"349",384448,"2017","WESTERN INDIA CASHEW CO. PVT. LTD.",3020.9,12,"0.371199107421525"
"350",384448,"2018","WESTERN INDIA CASHEW CO. PVT. LTD.",3235.3,12,"0.453946711176914"
"351",384448,"2019","WESTERN INDIA CASHEW CO. PVT. LTD.",2841.2,12,"0.420346660239854"
"352",384448,"2020","WESTERN INDIA CASHEW CO. PVT. LTD.",3159.3,12,"0.453173310497518"
"353",384448,"2021","WESTERN INDIA CASHEW CO. PVT. LTD.",3025.3,12,"0.419981647580799"
"354",384448,"2022","WESTERN INDIA CASHEW CO. PVT. LTD.",3539.4,12,"0.445486438491116"
"355",391246,"2017","SANDHYA AQUA EXPORTS PVT. LTD.",2877.6,46,"0.249630317071101"
"356",391246,"2018","SANDHYA AQUA EXPORTS PVT. LTD.",3818.8,46,"0.263097031257137"
"357",391246,"2019","SANDHYA AQUA EXPORTS PVT. LTD.",5000.1,46,"0.390334145888685"
"358",391246,"2020","SANDHYA AQUA EXPORTS PVT. LTD.",NA,46,NA
"359",391246,"2021","SANDHYA AQUA EXPORTS PVT. LTD.",NA,46,NA
"360",398277,"2017","INDAPUR DAIRY & MILK PRODUCTS LTD.",10691,10,"0.279505474788324"
"361",398277,"2018","INDAPUR DAIRY & MILK PRODUCTS LTD.",10362.8,10,"0.237041794891414"
"362",398277,"2019","INDAPUR DAIRY & MILK PRODUCTS LTD.",12113.3,10,"0.256139997119157"
"363",398277,"2020","INDAPUR DAIRY & MILK PRODUCTS LTD.",14980.7,10,"0.305371355495395"
"364",398277,"2021","INDAPUR DAIRY & MILK PRODUCTS LTD.",13783.4,10,"0.248877151172944"
"365",398277,"2022","INDAPUR DAIRY & MILK PRODUCTS LTD.",18886.7,10,"0.283352760166321"
"366",399416,"2017","PRATAAP SNACKS LTD.",8606.4,10,"0.225005698084205"
"367",399416,"2018","PRATAAP SNACKS LTD.",9731.4,10,"0.222598961941397"
"368",399416,"2019","PRATAAP SNACKS LTD.",10714.8,10,"0.226568221800199"
"369",399416,"2020","PRATAAP SNACKS LTD.",12082.5,10,"0.246293524519756"
"370",399416,"2021","PRATAAP SNACKS LTD.",9989.4,10,"0.180371563904915"
"371",399416,"2022","PRATAAP SNACKS LTD.",13786.4,10,"0.206834147455986"
"372",399416,"2023","PRATAAP SNACKS LTD.",16363.4,10,"0.396156684115728"
"373",399570,"2018","BIKANERVALA FOODS PVT. LTD.",7491.5,11,"0.355675691946252"
"374",399570,"2019","BIKANERVALA FOODS PVT. LTD.",9149.8,11,"0.373789854427117"
"375",399570,"2020","BIKANERVALA FOODS PVT. LTD.",10609.3,11,"0.406830119885523"
"376",399570,"2021","BIKANERVALA FOODS PVT. LTD.",9599.2,11,"0.358038267186094"
"377",399570,"2022","BIKANERVALA FOODS PVT. LTD.",11560.3,11,"0.401208982044698"
"378",412872,"2017","GOPAL SNACKS LTD.",6258.4,10,"0.163619592499789"
"379",412872,"2018","GOPAL SNACKS LTD.",6890.8,10,"0.157622225676242"
"380",412872,"2019","GOPAL SNACKS LTD.",8137.2,10,"0.17206396147689"
"381",412872,"2020","GOPAL SNACKS LTD.",8793,10,"0.179239309836724"
"382",412872,"2021","GOPAL SNACKS LTD.",11216.4,10,"0.202526639175836"
"383",412872,"2022","GOPAL SNACKS LTD.",12997.6,10,"0.194999964818511"
"384",412872,"2023","GOPAL SNACKS LTD.",13450,10,"0.325623489088853"
"385",414638,"2017","ANMOL INDUSTRIES LTD.",12052.7,10,"0.315105755867667"
"386",414638,"2018","ANMOL INDUSTRIES LTD.",10850.9,10,"0.248206740667314"
"387",414638,"2019","ANMOL INDUSTRIES LTD.",10625.3,10,"0.224675712761195"
"388",414638,"2020","ANMOL INDUSTRIES LTD.",11823.7,10,"0.241018062972418"
"389",414638,"2021","ANMOL INDUSTRIES LTD.",12808.3,10,"0.231270456880626"
"390",414638,"2022","ANMOL INDUSTRIES LTD.",13189,10,"0.197871494429075"
"391",414638,"2023","ANMOL INDUSTRIES LTD.",15627.5,10,"0.378340600426472"
"392",416884,"2017","SUNFRESH AGRO INDS. PVT. LTD.",8708,10,"0.227661928206597"
"393",416884,"2018","SUNFRESH AGRO INDS. PVT. LTD.",9282.6,10,"0.212332976151141"
"394",416884,"2019","SUNFRESH AGRO INDS. PVT. LTD.",10442.2,10,"0.220803998738384"
"395",416884,"2020","SUNFRESH AGRO INDS. PVT. LTD.",12008.5,10,"0.244785084973763"
"396",416884,"2021","SUNFRESH AGRO INDS. PVT. LTD.",9601.6,10,"0.173369332291172"
"397",416884,"2022","SUNFRESH AGRO INDS. PVT. LTD.",11671.8,10,"0.17510929628306"
"398",429926,"2017","BRAHMINS FOODS INDIA PVT. LTD.",581.2,11,"0.0329697826722916"
"399",429926,"2018","BRAHMINS FOODS INDIA PVT. LTD.",636.9,11,"0.0302382497764891"
"400",429926,"2019","BRAHMINS FOODS INDIA PVT. LTD.",685.6,11,"0.0280082979076298"
"401",429926,"2020","BRAHMINS FOODS INDIA PVT. LTD.",757.5,11,"0.02904751640667"
"402",429926,"2021","BRAHMINS FOODS INDIA PVT. LTD.",961.6,11,"0.0358664886371935"
"403",429926,"2022","BRAHMINS FOODS INDIA PVT. LTD.",1033.9,11,"0.0358822838971319"
"404",432664,"2017","AACHI MASALA FOODS PVT. LTD.",2701.2,46,"0.234327707976251"
"405",432664,"2018","AACHI MASALA FOODS PVT. LTD.",2113.6,46,"0.145616917687516"
"406",432664,"2019","AACHI MASALA FOODS PVT. LTD.",1887.8,46,"0.147371612689478"
"407",432664,"2020","AACHI MASALA FOODS PVT. LTD.",2589,46,"0.22656290336554"
"408",432664,"2021","AACHI MASALA FOODS PVT. LTD.",2821.4,46,"0.198321054190205"
"409",432664,"2022","AACHI MASALA FOODS PVT. LTD.",3158.4,46,"0.180184620777094"
"410",456205,"2017","VIDYA HERBS PVT. LTD.",2269.5,21,"0.101956193204178"
"411",456205,"2018","VIDYA HERBS PVT. LTD.",3767.8,21,"0.159196525275353"
"412",456205,"2019","VIDYA HERBS PVT. LTD.",4516.9,21,"0.16750752956896"
"413",456205,"2020","VIDYA HERBS PVT. LTD.",3458.9,21,"0.116890152184632"
"414",456205,"2021","VIDYA HERBS PVT. LTD.",6135,21,"0.178794510580118"
"415",456205,"2022","VIDYA HERBS PVT. LTD.",10249.3,21,"0.25610878025098"
"416",476790,"2017","SRESTA NATURAL BIOPRODUCTS PVT. LTD.",1672.9,10,"0.0437362930290325"
"417",476790,"2018","SRESTA NATURAL BIOPRODUCTS PVT. LTD.",1672.8,10,"0.0382641288545912"
"418",476790,"2019","SRESTA NATURAL BIOPRODUCTS PVT. LTD.",1744.1,10,"0.0368796091053241"
"419",476790,"2020","SRESTA NATURAL BIOPRODUCTS PVT. LTD.",2037.6,10,"0.0415350867421026"
"420",476790,"2021","SRESTA NATURAL BIOPRODUCTS PVT. LTD.",2686.2,10,"0.0485028224879756"
"421",476790,"2022","SRESTA NATURAL BIOPRODUCTS PVT. LTD.",2571.5,10,"0.0385796154313721"
"422",476790,"2023","SRESTA NATURAL BIOPRODUCTS PVT. LTD.",2409.7,10,"0.0583386558853093"
"423",488714,"2017","ISCON BALAJI FOODS PVT. LTD.",622.8,10,"0.0162824814982853"
"424",488714,"2018","ISCON BALAJI FOODS PVT. LTD.",790.4,10,"0.0180798466323941"
"425",488714,"2019","ISCON BALAJI FOODS PVT. LTD.",1391.7,10,"0.0294279869226991"
"426",488714,"2020","ISCON BALAJI FOODS PVT. LTD.",1998,10,"0.0407278677418144"
"427",488714,"2021","ISCON BALAJI FOODS PVT. LTD.",2693.9,10,"0.0486418559676709"
"428",488714,"2022","ISCON BALAJI FOODS PVT. LTD.",3427,10,"0.0514144826301039"
"429",511372,"2017","SAHYADRI FARMERS PRODUCER CO. LTD.",2013.2,12,"0.247375961819661"
"430",511372,"2018","SAHYADRI FARMERS PRODUCER CO. LTD.",2740.3,12,"0.384492990646338"
"431",511372,"2019","SAHYADRI FARMERS PRODUCER CO. LTD.",3143.9,12,"0.465130179194734"
"432",511372,"2020","SAHYADRI FARMERS PRODUCER CO. LTD.",1356.3,12,"0.194549096644125"
"433",511372,"2021","SAHYADRI FARMERS PRODUCER CO. LTD.",2027.6,46,"0.14252348815342"
"434",511372,"2022","SAHYADRI FARMERS PRODUCER CO. LTD.",NA,46,NA
"435",524469,"2018","AVANTI FROZEN FOODS PVT. LTD.",5347.9,10,"0.122329468377253"
"436",524469,"2019","AVANTI FROZEN FOODS PVT. LTD.",6893.7,10,"0.145769715778552"
"437",524469,"2020","AVANTI FROZEN FOODS PVT. LTD.",8772.4,10,"0.178819392882028"
"438",524469,"2021","AVANTI FROZEN FOODS PVT. LTD.",8266.9,10,"0.149269593934125"
"439",524469,"2022","AVANTI FROZEN FOODS PVT. LTD.",9346.7,10,"0.140226362649195"
"440",524469,"2023","AVANTI FROZEN FOODS PVT. LTD.",9973.6,10,"0.241460106377441"
"441",528182,"2017","ZEA MAIZE PVT. LTD.",47.8,11,"0.00271155473457595"
"442",528182,"2018","ZEA MAIZE PVT. LTD.",96.4,11,"0.00457680527312536"
"443",528182,"2019","ZEA MAIZE PVT. LTD.",163.7,11,"0.00668751220460764"
"444",528182,"2020","ZEA MAIZE PVT. LTD.",153.8,11,"0.0058977003608526"
"445",528182,"2021","ZEA MAIZE PVT. LTD.",150,11,"0.005594814159296"
"446",528182,"2022","ZEA MAIZE PVT. LTD.",336.7,11,"0.0116854289468656"
"447",528182,"2023","ZEA MAIZE PVT. LTD.",506.2,11,"0.0328999235281509"
"448",533523,"2017","PAGARIYA FOOD PRODUCTS PVT. LTD.",293.4,11,"0.0166437271783386"
"449",533523,"2018","PAGARIYA FOOD PRODUCTS PVT. LTD.",352.8,11,"0.0167499678460439"
"450",533523,"2019","PAGARIYA FOOD PRODUCTS PVT. LTD.",385.4,11,"0.0157444545122528"
"451",533523,"2020","PAGARIYA FOOD PRODUCTS PVT. LTD.",461.3,11,"0.0176892664269266"
"452",533523,"2021","PAGARIYA FOOD PRODUCTS PVT. LTD.",624.5,11,"0.0232930762832023"
"453",533523,"2022","PAGARIYA FOOD PRODUCTS PVT. LTD.",687.1,11,"0.023846326787619"
"454",535576,"2017","G D FOODS MFG. (INDIA) PVT. LTD.",2641.5,10,"0.0690593687824673"
"455",535576,"2018","G D FOODS MFG. (INDIA) PVT. LTD.",2772.2,10,"0.0634121341527365"
"456",535576,"2019","G D FOODS MFG. (INDIA) PVT. LTD.",2844.9,10,"0.0601564130174511"
"457",535576,"2020","G D FOODS MFG. (INDIA) PVT. LTD.",2785.3,10,"0.0567764414520899"
"458",535576,"2021","G D FOODS MFG. (INDIA) PVT. LTD.",2826.6,10,"0.0510379264554061"
"459",535576,"2022","G D FOODS MFG. (INDIA) PVT. LTD.",3065.3,10,"0.0459879817934221"
"460",565460,"2017","H S M FOODS INTL. PVT. LTD.",208,10,"0.00543795143166882"
"461",565460,"2018","H S M FOODS INTL. PVT. LTD.",158.3,10,"0.00362100167245444"
"462",565460,"2019","H S M FOODS INTL. PVT. LTD.",155.5,10,"0.00328810229681663"
"463",565460,"2020","H S M FOODS INTL. PVT. LTD.",137.8,10,"0.00280895904645747"
"464",565460,"2021","H S M FOODS INTL. PVT. LTD.",142.8,10,"0.00257843907798485"
"465",565460,"2022","H S M FOODS INTL. PVT. LTD.",172.5,10,"0.00258797731359583"
